fx_hour_utc,base_currency,quote_currency,rate,source,is_correction,ingested_at_utc
2025-12-20T09:00:00+00:00,USD,EUR,0.897886,SYNTH_PROVIDER_A,0,2025-12-20T09:00:00+00:00
2025-11-13T15:00:00+00:00,USD,SGD,1.342164,SYNTH_PROVIDER_A,0,2025-11-13T21:00:00+00:00
2025-10-05T01:00:00+00:00,USD,SGD,1.354692,SYNTH_PROVIDER_A,0,2025-10-06T01:00:00+00:00
2025-10-09T03:00:00+00:00,USD,PHP,55.697832,SYNTH_PROVIDER_A,0,2025-10-09T09:00:00+00:00
2025-12-26T22:00:00+00:00,USD,EUR,0.912321,SYNTH_PROVIDER_A,0,2025-12-27T22:00:00+00:00
2025-10-12T04:00:00+00:00,USD,SGD,1.344542,SYNTH_PROVIDER_B,0,2025-10-12T04:00:00+00:00
2025-10-14T12:00:00+00:00,USD,PHP,55.060846,SYNTH_PROVIDER_A,0,2025-10-16T12:00:00+00:00
2025-10-02T02:00:00+00:00,USD,PHP,54.304559,SYNTH_PROVIDER_A,0,2025-10-02T08:00:00+00:00
2025-12-18T07:00:00+00:00,USD,AUD,1.496057,SYNTH_PROVIDER_A,0,2025-12-20T07:00:00+00:00
2025-11-28T23:00:00+00:00,USD,AUD,1.501758,SYNTH_PROVIDER_A,0,2025-11-29T23:00:00+00:00
2025-09-25T14:00:00+00:00,USD,PHP,55.016564,SYNTH_PROVIDER_B,0,2025-09-25T14:00:00+00:00
2025-10-14T21:00:00+00:00,USD,PHP,54.628897,SYNTH_PROVIDER_A,0,2025-10-16T21:00:00+00:00
2025-09-21T23:00:00+00:00,USD,EUR,0.928197,SYNTH_PROVIDER_B,0,2025-09-23T23:00:00+00:00
2025-12-02T11:00:00+00:00,USD,SGD,1.345476,SYNTH_PROVIDER_B,0,2025-12-02T11:00:00+00:00
2025-11-28T11:00:00+00:00,USD,EUR,0.918226,SYNTH_PROVIDER_A,0,2025-11-29T11:00:00+00:00
2025-11-02T05:00:00+00:00,USD,EUR,0.922,SYNTH_PROVIDER_B,0,2025-11-02T11:00:00+00:00
2025-12-01T01:00:00+00:00,USD,PHP,55.157645,SYNTH_PROVIDER_B,0,2025-12-02T01:00:00+00:00
2025-11-09T14:00:00+00:00,USD,AUD,1.496658,SYNTH_PROVIDER_A,1,2025-11-10T14:00:00+00:00
2025-12-15T09:00:00+00:00,USD,SGD,1.365686,SYNTH_PROVIDER_A,0,2025-12-15T09:00:00+00:00
2025-11-27T14:00:00+00:00,USD,PHP,54.846887,SYNTH_PROVIDER_B,0,2025-11-28T14:00:00+00:00
2025-10-30T22:00:00+00:00,USD,PHP,55.007825,SYNTH_PROVIDER_B,0,2025-10-31T22:00:00+00:00
2026-01-04T06:00:00+00:00,USD,AUD,1.51687,SYNTH_PROVIDER_A,0,2026-01-04T12:00:00+00:00
2025-10-18T05:00:00+00:00,USD,SGD,1.354182,SYNTH_PROVIDER_B,0,2025-10-19T05:00:00+00:00
2025-11-22T13:00:00+00:00,USD,AUD,1.508218,SYNTH_PROVIDER_A,0,2025-11-23T13:00:00+00:00
2025-12-26T06:00:00+00:00,USD,PHP,55.245002,SYNTH_PROVIDER_B,0,2025-12-28T06:00:00+00:00
2025-12-27T04:00:00+00:00,USD,PHP,55.458524,SYNTH_PROVIDER_A,0,2025-12-27T04:00:00+00:00
2026-01-14T11:00:00+00:00,USD,AUD,1.530196,SYNTH_PROVIDER_B,0,2026-01-14T17:00:00+00:00
2025-10-02T19:00:00+00:00,USD,SGD,1.33644,SYNTH_PROVIDER_A,0,2025-10-02T19:00:00+00:00
2025-11-05T09:00:00+00:00,USD,AUD,1.506285,SYNTH_PROVIDER_A,0,2025-11-05T09:00:00+00:00
2025-12-27T13:00:00+00:00,USD,PHP,55.703421,SYNTH_PROVIDER_A,0,2025-12-27T13:00:00+00:00
2025-09-21T07:00:00+00:00,USD,EUR,0.92387,SYNTH_PROVIDER_B,0,2025-09-21T07:00:00+00:00
2025-10-30T19:00:00+00:00,USD,AUD,1.50121,SYNTH_PROVIDER_B,0,2025-11-01T19:00:00+00:00
2025-12-13T06:00:00+00:00,USD,AUD,1.495417,SYNTH_PROVIDER_B,0,2025-12-13T06:00:00+00:00
2026-01-05T14:00:00+00:00,USD,AUD,1.483693,SYNTH_PROVIDER_B,0,2026-01-06T14:00:00+00:00
2025-11-26T09:00:00+00:00,USD,AUD,1.498801,SYNTH_PROVIDER_A,0,2025-11-28T09:00:00+00:00
2025-10-18T20:00:00+00:00,USD,SGD,1.337562,SYNTH_PROVIDER_A,0,2025-10-18T20:00:00+00:00
2025-12-17T12:00:00+00:00,USD,AUD,1.506782,SYNTH_PROVIDER_A,0,2025-12-19T12:00:00+00:00
2025-11-04T02:00:00+00:00,USD,SGD,1.386553,SYNTH_PROVIDER_B,0,2025-11-04T08:00:00+00:00
2025-11-16T11:00:00+00:00,USD,SGD,1.359774,SYNTH_PROVIDER_B,0,2025-11-18T11:00:00+00:00
2025-10-21T12:00:00+00:00,USD,EUR,0.921431,SYNTH_PROVIDER_B,1,2025-10-21T12:00:00+00:00
2025-10-10T21:00:00+00:00,USD,EUR,0.900977,SYNTH_PROVIDER_B,0,2025-10-12T21:00:00+00:00
2025-10-05T06:00:00+00:00,USD,AUD,1.499973,SYNTH_PROVIDER_A,0,2025-10-05T06:00:00+00:00
2025-11-03T06:00:00+00:00,USD,SGD,1.348847,SYNTH_PROVIDER_A,0,2025-11-03T06:00:00+00:00
2025-09-29T01:00:00+00:00,USD,AUD,1.488023,SYNTH_PROVIDER_A,1,2025-09-29T07:00:00+00:00
2025-10-22T13:00:00+00:00,USD,SGD,1.324251,SYNTH_PROVIDER_A,1,2025-10-22T19:00:00+00:00
2026-01-15T07:00:00+00:00,USD,PHP,54.270505,SYNTH_PROVIDER_A,0,2026-01-15T07:00:00+00:00
2025-11-11T01:00:00+00:00,USD,EUR,0.922792,SYNTH_PROVIDER_A,0,2025-11-12T01:00:00+00:00
2025-12-13T12:00:00+00:00,USD,SGD,1.352977,SYNTH_PROVIDER_B,0,2025-12-13T12:00:00+00:00
2026-01-15T06:00:00+00:00,USD,AUD,1.506671,SYNTH_PROVIDER_B,0,2026-01-17T06:00:00+00:00
2025-10-16T09:00:00+00:00,USD,EUR,0.897548,SYNTH_PROVIDER_A,0,2025-10-17T09:00:00+00:00
2026-01-06T05:00:00+00:00,USD,PHP,56.254976,SYNTH_PROVIDER_B,0,2026-01-06T05:00:00+00:00
2025-11-21T11:00:00+00:00,USD,EUR,0.915046,SYNTH_PROVIDER_B,0,2025-11-21T17:00:00+00:00
2025-10-05T21:00:00+00:00,USD,AUD,1.536509,SYNTH_PROVIDER_A,0,2025-10-07T21:00:00+00:00
2025-12-05T10:00:00+00:00,USD,EUR,0.932503,SYNTH_PROVIDER_A,0,2025-12-06T10:00:00+00:00
2025-10-13T22:00:00+00:00,USD,PHP,55.714794,SYNTH_PROVIDER_A,0,2025-10-14T22:00:00+00:00
2025-11-12T15:00:00+00:00,USD,SGD,1.359171,SYNTH_PROVIDER_A,0,2025-11-12T15:00:00+00:00
2026-01-01T11:00:00+00:00,USD,SGD,1.340574,SYNTH_PROVIDER_A,0,2026-01-01T11:00:00+00:00
2025-10-08T04:00:00+00:00,USD,SGD,1.376474,SYNTH_PROVIDER_A,0,2025-10-08T10:00:00+00:00
2025-10-25T08:00:00+00:00,USD,SGD,1.34994,SYNTH_PROVIDER_A,0,2025-10-25T08:00:00+00:00
2026-01-10T08:00:00+00:00,USD,SGD,1.342849,SYNTH_PROVIDER_B,0,2026-01-10T08:00:00+00:00
2025-11-28T07:00:00+00:00,USD,PHP,54.551749,SYNTH_PROVIDER_A,0,2025-11-28T07:00:00+00:00
2025-10-10T17:00:00+00:00,USD,SGD,1.361805,SYNTH_PROVIDER_A,0,2025-10-12T17:00:00+00:00
2026-01-16T14:00:00+00:00,USD,SGD,1.367107,SYNTH_PROVIDER_B,0,2026-01-17T14:00:00+00:00
2026-01-04T01:00:00+00:00,USD,SGD,1.340572,SYNTH_PROVIDER_A,1,2026-01-06T01:00:00+00:00
2025-10-06T16:00:00+00:00,USD,AUD,1.505642,SYNTH_PROVIDER_A,0,2025-10-06T16:00:00+00:00
2025-12-15T21:00:00+00:00,USD,PHP,54.951211,SYNTH_PROVIDER_B,1,2025-12-15T21:00:00+00:00
2025-11-19T04:00:00+00:00,USD,SGD,1.368085,SYNTH_PROVIDER_B,0,2025-11-19T10:00:00+00:00
2025-11-06T14:00:00+00:00,USD,PHP,54.233917,SYNTH_PROVIDER_A,1,2025-11-07T14:00:00+00:00
2025-12-11T07:00:00+00:00,USD,PHP,55.012413,SYNTH_PROVIDER_A,0,2025-12-11T07:00:00+00:00
2025-10-28T03:00:00+00:00,USD,EUR,0.921169,SYNTH_PROVIDER_B,0,2025-10-28T03:00:00+00:00
2025-12-20T10:00:00+00:00,USD,PHP,55.45926,SYNTH_PROVIDER_B,0,2025-12-20T10:00:00+00:00
2025-10-05T11:00:00+00:00,USD,SGD,1.357864,SYNTH_PROVIDER_A,0,2025-10-07T11:00:00+00:00
2025-10-04T19:00:00+00:00,USD,AUD,1.505302,SYNTH_PROVIDER_A,0,2025-10-04T19:00:00+00:00
2025-12-14T07:00:00+00:00,USD,SGD,1.375577,SYNTH_PROVIDER_B,1,2025-12-15T07:00:00+00:00
2025-11-21T06:00:00+00:00,USD,EUR,0.92257,SYNTH_PROVIDER_A,0,2025-11-21T06:00:00+00:00
2026-01-06T08:00:00+00:00,USD,EUR,0.90003,SYNTH_PROVIDER_A,0,2026-01-06T08:00:00+00:00
2025-10-16T20:00:00+00:00,USD,EUR,0.929481,SYNTH_PROVIDER_B,1,2025-10-16T20:00:00+00:00
2025-11-02T14:00:00+00:00,USD,PHP,54.752986,SYNTH_PROVIDER_B,1,2025-11-03T14:00:00+00:00
2025-11-28T13:00:00+00:00,USD,EUR,0.922646,SYNTH_PROVIDER_A,0,2025-11-28T19:00:00+00:00
2025-12-16T19:00:00+00:00,USD,PHP,55.308085,SYNTH_PROVIDER_A,0,2025-12-16T19:00:00+00:00
2025-11-18T16:00:00+00:00,USD,PHP,55.495479,SYNTH_PROVIDER_A,0,2025-11-18T16:00:00+00:00
2025-10-16T02:00:00+00:00,USD,PHP,55.288388,SYNTH_PROVIDER_A,0,2025-10-17T02:00:00+00:00
2025-11-20T19:00:00+00:00,USD,AUD,1.484902,SYNTH_PROVIDER_B,0,2025-11-21T01:00:00+00:00
2025-11-05T19:00:00+00:00,USD,PHP,55.352098,SYNTH_PROVIDER_B,0,2025-11-06T01:00:00+00:00
2025-11-11T11:00:00+00:00,USD,PHP,55.805202,SYNTH_PROVIDER_A,0,2025-11-12T11:00:00+00:00
2025-11-23T04:00:00+00:00,USD,SGD,1.353847,SYNTH_PROVIDER_A,0,2025-11-23T10:00:00+00:00
2025-12-07T09:00:00+00:00,USD,EUR,0.912824,SYNTH_PROVIDER_A,0,2025-12-09T09:00:00+00:00
2025-09-22T04:00:00+00:00,USD,AUD,1.501066,SYNTH_PROVIDER_A,0,2025-09-24T04:00:00+00:00
2025-10-23T00:00:00+00:00,USD,SGD,1.337156,SYNTH_PROVIDER_B,0,2025-10-25T00:00:00+00:00
2025-11-29T17:00:00+00:00,USD,EUR,0.903042,SYNTH_PROVIDER_B,0,2025-11-29T23:00:00+00:00
2025-12-02T09:00:00+00:00,USD,SGD,1.34563,SYNTH_PROVIDER_A,0,2025-12-02T15:00:00+00:00
2025-09-27T11:00:00+00:00,USD,EUR,0.913817,SYNTH_PROVIDER_B,0,2025-09-27T17:00:00+00:00
2025-11-09T14:00:00+00:00,USD,EUR,0.924919,SYNTH_PROVIDER_A,0,2025-11-09T20:00:00+00:00
2025-11-03T22:00:00+00:00,USD,PHP,55.744448,SYNTH_PROVIDER_A,0,2025-11-04T22:00:00+00:00
2025-11-12T21:00:00+00:00,USD,EUR,0.932467,SYNTH_PROVIDER_B,0,2025-11-14T21:00:00+00:00
2025-11-11T15:00:00+00:00,USD,EUR,0.915751,SYNTH_PROVIDER_B,0,2025-11-11T15:00:00+00:00
2025-12-21T09:00:00+00:00,USD,PHP,54.902914,SYNTH_PROVIDER_A,0,2025-12-22T09:00:00+00:00
2025-10-02T07:00:00+00:00,USD,EUR,0.913293,SYNTH_PROVIDER_B,0,2025-10-03T07:00:00+00:00
2025-11-12T22:00:00+00:00,USD,AUD,1.477825,SYNTH_PROVIDER_A,0,2025-11-12T22:00:00+00:00
2026-01-16T03:00:00+00:00,USD,PHP,54.714435,SYNTH_PROVIDER_B,0,2026-01-18T03:00:00+00:00
2025-09-25T02:00:00+00:00,USD,EUR,0.8931,SYNTH_PROVIDER_B,0,2025-09-25T02:00:00+00:00
2025-09-24T03:00:00+00:00,USD,PHP,55.506521,SYNTH_PROVIDER_B,0,2025-09-26T03:00:00+00:00
2025-12-11T18:00:00+00:00,USD,AUD,1.503794,SYNTH_PROVIDER_A,0,2025-12-12T18:00:00+00:00
2025-10-03T01:00:00+00:00,USD,SGD,1.360275,SYNTH_PROVIDER_B,0,2025-10-03T01:00:00+00:00
2025-12-15T20:00:00+00:00,USD,EUR,0.93305,SYNTH_PROVIDER_B,0,2025-12-16T20:00:00+00:00
2025-11-20T00:00:00+00:00,USD,AUD,1.496462,SYNTH_PROVIDER_A,1,2025-11-20T00:00:00+00:00
2025-12-03T03:00:00+00:00,USD,AUD,1.494286,SYNTH_PROVIDER_B,0,2025-12-03T03:00:00+00:00
2025-09-24T23:00:00+00:00,USD,AUD,1.49889,SYNTH_PROVIDER_B,0,2025-09-25T05:00:00+00:00
2025-11-22T19:00:00+00:00,USD,SGD,1.357992,SYNTH_PROVIDER_B,1,2025-11-22T19:00:00+00:00
2025-10-05T12:00:00+00:00,USD,PHP,54.854335,SYNTH_PROVIDER_A,0,2025-10-05T12:00:00+00:00
2025-10-18T08:00:00+00:00,USD,SGD,1.350476,SYNTH_PROVIDER_A,0,2025-10-18T14:00:00+00:00
2025-10-20T17:00:00+00:00,USD,AUD,1.493793,SYNTH_PROVIDER_A,0,2025-10-22T17:00:00+00:00
2025-12-01T17:00:00+00:00,USD,EUR,0.901771,SYNTH_PROVIDER_A,0,2025-12-01T17:00:00+00:00
2025-12-21T18:00:00+00:00,USD,PHP,54.939617,SYNTH_PROVIDER_B,0,2025-12-21T18:00:00+00:00
2026-01-12T00:00:00+00:00,USD,SGD,1.319771,SYNTH_PROVIDER_A,1,2026-01-12T00:00:00+00:00
2025-12-01T02:00:00+00:00,USD,PHP,55.639166,SYNTH_PROVIDER_B,0,2025-12-02T02:00:00+00:00
2026-01-02T22:00:00+00:00,USD,SGD,1.333159,SYNTH_PROVIDER_A,0,2026-01-03T04:00:00+00:00
2025-12-05T08:00:00+00:00,USD,SGD,1.363553,SYNTH_PROVIDER_B,1,2025-12-05T08:00:00+00:00
2025-11-12T19:00:00+00:00,USD,EUR,0.919418,SYNTH_PROVIDER_A,0,2025-11-13T01:00:00+00:00
2025-10-13T21:00:00+00:00,USD,AUD,1.492047,SYNTH_PROVIDER_B,0,2025-10-13T21:00:00+00:00
2025-10-13T16:00:00+00:00,USD,AUD,1.52641,SYNTH_PROVIDER_B,0,2025-10-13T16:00:00+00:00
2025-10-29T19:00:00+00:00,USD,EUR,0.916436,SYNTH_PROVIDER_B,0,2025-10-31T19:00:00+00:00
2025-10-07T22:00:00+00:00,USD,EUR,0.915929,SYNTH_PROVIDER_B,0,2025-10-08T04:00:00+00:00
2025-10-15T09:00:00+00:00,USD,PHP,55.067317,SYNTH_PROVIDER_A,0,2025-10-15T15:00:00+00:00
2025-10-02T11:00:00+00:00,USD,PHP,54.693547,SYNTH_PROVIDER_B,0,2025-10-02T11:00:00+00:00
2025-09-22T04:00:00+00:00,USD,SGD,1.325536,SYNTH_PROVIDER_B,0,2025-09-24T04:00:00+00:00
2026-01-13T12:00:00+00:00,USD,EUR,0.91368,SYNTH_PROVIDER_B,0,2026-01-13T12:00:00+00:00
2025-10-10T13:00:00+00:00,USD,PHP,55.24849,SYNTH_PROVIDER_B,0,2025-10-12T13:00:00+00:00
2025-10-31T19:00:00+00:00,USD,AUD,1.495711,SYNTH_PROVIDER_A,0,2025-11-02T19:00:00+00:00
2025-12-29T23:00:00+00:00,USD,SGD,1.362664,SYNTH_PROVIDER_B,0,2025-12-29T23:00:00+00:00
2026-01-03T05:00:00+00:00,USD,EUR,0.922917,SYNTH_PROVIDER_A,0,2026-01-03T05:00:00+00:00
2025-10-26T06:00:00+00:00,USD,PHP,55.200252,SYNTH_PROVIDER_B,0,2025-10-28T06:00:00+00:00
2025-12-07T14:00:00+00:00,USD,PHP,54.803941,SYNTH_PROVIDER_A,1,2025-12-08T14:00:00+00:00
2025-09-19T07:00:00+00:00,USD,SGD,1.337006,SYNTH_PROVIDER_A,0,2025-09-19T13:00:00+00:00
2025-11-20T21:00:00+00:00,USD,PHP,55.58051,SYNTH_PROVIDER_A,0,2025-11-21T21:00:00+00:00
2025-12-16T10:00:00+00:00,USD,PHP,54.87691,SYNTH_PROVIDER_B,0,2025-12-17T10:00:00+00:00
2025-12-15T01:00:00+00:00,USD,EUR,0.919763,SYNTH_PROVIDER_B,0,2025-12-16T01:00:00+00:00
2025-10-23T15:00:00+00:00,USD,EUR,0.912157,SYNTH_PROVIDER_B,0,2025-10-25T15:00:00+00:00
2025-10-21T05:00:00+00:00,USD,EUR,0.916026,SYNTH_PROVIDER_A,0,2025-10-23T05:00:00+00:00
2025-12-08T07:00:00+00:00,USD,SGD,1.355094,SYNTH_PROVIDER_B,1,2025-12-08T07:00:00+00:00
2025-12-02T11:00:00+00:00,USD,SGD,1.351445,SYNTH_PROVIDER_B,0,2025-12-02T17:00:00+00:00
2025-12-21T21:00:00+00:00,USD,AUD,1.468445,SYNTH_PROVIDER_B,0,2025-12-23T21:00:00+00:00
2025-12-20T20:00:00+00:00,USD,SGD,1.372094,SYNTH_PROVIDER_B,0,2025-12-22T20:00:00+00:00
2025-11-23T19:00:00+00:00,USD,SGD,1.358725,SYNTH_PROVIDER_B,0,2025-11-25T19:00:00+00:00
2025-10-06T09:00:00+00:00,USD,AUD,1.525751,SYNTH_PROVIDER_B,0,2025-10-06T09:00:00+00:00
2026-01-11T05:00:00+00:00,USD,PHP,54.801208,SYNTH_PROVIDER_B,0,2026-01-11T11:00:00+00:00
2025-11-19T09:00:00+00:00,USD,EUR,0.931844,SYNTH_PROVIDER_B,0,2025-11-19T09:00:00+00:00
2025-12-25T15:00:00+00:00,USD,EUR,0.915851,SYNTH_PROVIDER_B,0,2025-12-26T15:00:00+00:00
2025-11-05T09:00:00+00:00,USD,EUR,0.929551,SYNTH_PROVIDER_A,0,2025-11-07T09:00:00+00:00
2025-09-25T22:00:00+00:00,USD,AUD,1.488275,SYNTH_PROVIDER_B,0,2025-09-26T22:00:00+00:00
2025-10-05T21:00:00+00:00,USD,AUD,1.487725,SYNTH_PROVIDER_B,0,2025-10-06T21:00:00+00:00
2025-09-19T10:00:00+00:00,USD,SGD,1.350137,SYNTH_PROVIDER_A,0,2025-09-21T10:00:00+00:00
2025-11-29T07:00:00+00:00,USD,EUR,0.909836,SYNTH_PROVIDER_A,0,2025-11-29T13:00:00+00:00
2025-10-06T13:00:00+00:00,USD,AUD,1.514668,SYNTH_PROVIDER_B,0,2025-10-06T13:00:00+00:00
2025-12-05T09:00:00+00:00,USD,EUR,0.927461,SYNTH_PROVIDER_A,0,2025-12-06T09:00:00+00:00
2025-11-01T04:00:00+00:00,USD,AUD,1.487123,SYNTH_PROVIDER_B,0,2025-11-01T04:00:00+00:00
2026-01-15T06:00:00+00:00,USD,PHP,55.506073,SYNTH_PROVIDER_B,0,2026-01-16T06:00:00+00:00
2025-10-30T07:00:00+00:00,USD,EUR,0.927134,SYNTH_PROVIDER_A,0,2025-10-31T07:00:00+00:00
2025-10-15T06:00:00+00:00,USD,PHP,55.006247,SYNTH_PROVIDER_B,0,2025-10-15T06:00:00+00:00
2026-01-04T09:00:00+00:00,USD,AUD,1.507589,SYNTH_PROVIDER_A,0,2026-01-05T09:00:00+00:00
2025-11-19T03:00:00+00:00,USD,AUD,1.486641,SYNTH_PROVIDER_A,0,2025-11-19T03:00:00+00:00
2025-10-07T14:00:00+00:00,USD,EUR,0.922615,SYNTH_PROVIDER_A,0,2025-10-07T14:00:00+00:00
2025-11-24T01:00:00+00:00,USD,EUR,0.910653,SYNTH_PROVIDER_B,1,2025-11-26T01:00:00+00:00
2025-11-27T14:00:00+00:00,USD,PHP,55.012032,SYNTH_PROVIDER_B,0,2025-11-27T14:00:00+00:00
2025-12-21T16:00:00+00:00,USD,SGD,1.352159,SYNTH_PROVIDER_B,0,2025-12-21T22:00:00+00:00
2026-01-16T06:00:00+00:00,USD,AUD,1.464024,SYNTH_PROVIDER_B,0,2026-01-17T06:00:00+00:00
2026-01-03T16:00:00+00:00,USD,PHP,55.389178,SYNTH_PROVIDER_A,0,2026-01-03T22:00:00+00:00
2025-10-18T21:00:00+00:00,USD,AUD,1.523673,SYNTH_PROVIDER_B,0,2025-10-19T03:00:00+00:00
2026-01-04T13:00:00+00:00,USD,EUR,0.905009,SYNTH_PROVIDER_B,0,2026-01-04T19:00:00+00:00
2025-11-15T07:00:00+00:00,USD,PHP,55.771916,SYNTH_PROVIDER_A,0,2025-11-15T07:00:00+00:00
2026-01-10T21:00:00+00:00,USD,SGD,1.350785,SYNTH_PROVIDER_A,0,2026-01-11T21:00:00+00:00
2025-12-31T08:00:00+00:00,USD,SGD,1.347507,SYNTH_PROVIDER_B,1,2026-01-01T08:00:00+00:00
2025-12-14T21:00:00+00:00,USD,SGD,1.337439,SYNTH_PROVIDER_A,0,2025-12-14T21:00:00+00:00
2025-12-23T16:00:00+00:00,USD,SGD,1.369006,SYNTH_PROVIDER_A,0,2025-12-25T16:00:00+00:00
2026-01-12T08:00:00+00:00,USD,AUD,1.487425,SYNTH_PROVIDER_B,0,2026-01-12T08:00:00+00:00
2025-10-29T08:00:00+00:00,USD,PHP,54.9187,SYNTH_PROVIDER_B,1,2025-10-29T08:00:00+00:00
2025-11-09T06:00:00+00:00,USD,EUR,0.906892,SYNTH_PROVIDER_A,0,2025-11-10T06:00:00+00:00
2025-09-29T07:00:00+00:00,USD,AUD,1.479384,SYNTH_PROVIDER_A,0,2025-09-29T13:00:00+00:00
2025-09-29T09:00:00+00:00,USD,PHP,54.750795,SYNTH_PROVIDER_B,0,2025-09-30T09:00:00+00:00
2025-11-25T01:00:00+00:00,USD,PHP,55.568891,SYNTH_PROVIDER_B,0,2025-11-25T01:00:00+00:00
2026-01-16T21:00:00+00:00,USD,EUR,0.911043,SYNTH_PROVIDER_B,0,2026-01-18T21:00:00+00:00
2026-01-16T07:00:00+00:00,USD,AUD,1.511601,SYNTH_PROVIDER_A,0,2026-01-16T07:00:00+00:00
2025-09-29T09:00:00+00:00,USD,AUD,1.507407,SYNTH_PROVIDER_A,1,2025-10-01T09:00:00+00:00
2026-01-09T00:00:00+00:00,USD,PHP,55.550373,SYNTH_PROVIDER_A,0,2026-01-09T00:00:00+00:00
2026-01-01T06:00:00+00:00,USD,SGD,1.353244,SYNTH_PROVIDER_B,0,2026-01-01T06:00:00+00:00
2025-09-30T17:00:00+00:00,USD,PHP,54.597183,SYNTH_PROVIDER_B,0,2025-09-30T17:00:00+00:00
2025-11-21T17:00:00+00:00,USD,AUD,1.492459,SYNTH_PROVIDER_B,0,2025-11-21T23:00:00+00:00
2025-10-09T03:00:00+00:00,USD,SGD,1.3806,SYNTH_PROVIDER_A,0,2025-10-10T03:00:00+00:00
2025-11-24T08:00:00+00:00,USD,SGD,1.372803,SYNTH_PROVIDER_B,1,2025-11-25T08:00:00+00:00
2025-11-02T05:00:00+00:00,USD,PHP,55.485936,SYNTH_PROVIDER_B,1,2025-11-02T05:00:00+00:00
2026-01-06T08:00:00+00:00,USD,SGD,1.334704,SYNTH_PROVIDER_B,0,2026-01-06T08:00:00+00:00
2025-12-05T20:00:00+00:00,USD,SGD,1.353603,SYNTH_PROVIDER_A,0,2025-12-07T20:00:00+00:00
2025-10-12T23:00:00+00:00,USD,PHP,55.456128,SYNTH_PROVIDER_A,1,2025-10-13T05:00:00+00:00
2025-11-25T22:00:00+00:00,USD,SGD,1.337722,SYNTH_PROVIDER_B,0,2025-11-25T22:00:00+00:00
2025-10-16T08:00:00+00:00,USD,SGD,1.347483,SYNTH_PROVIDER_B,0,2025-10-18T08:00:00+00:00
2025-09-24T01:00:00+00:00,USD,SGD,1.33144,SYNTH_PROVIDER_A,0,2025-09-24T01:00:00+00:00
2025-12-20T02:00:00+00:00,USD,EUR,0.910883,SYNTH_PROVIDER_A,0,2025-12-20T02:00:00+00:00
2025-10-02T09:00:00+00:00,USD,PHP,53.994132,SYNTH_PROVIDER_A,0,2025-10-04T09:00:00+00:00
2025-11-26T08:00:00+00:00,USD,PHP,55.838781,SYNTH_PROVIDER_B,1,2025-11-28T08:00:00+00:00
2025-11-10T14:00:00+00:00,USD,SGD,1.350202,SYNTH_PROVIDER_A,0,2025-11-10T14:00:00+00:00
2025-12-20T23:00:00+00:00,USD,EUR,0.915896,SYNTH_PROVIDER_B,0,2025-12-20T23:00:00+00:00
2025-12-15T07:00:00+00:00,USD,AUD,1.514482,SYNTH_PROVIDER_B,0,2025-12-16T07:00:00+00:00
2025-10-25T00:00:00+00:00,USD,EUR,0.930717,SYNTH_PROVIDER_B,1,2025-10-25T06:00:00+00:00
2025-10-24T10:00:00+00:00,USD,AUD,1.503719,SYNTH_PROVIDER_A,0,2025-10-24T16:00:00+00:00
2025-11-08T11:00:00+00:00,USD,EUR,0.89779,SYNTH_PROVIDER_B,0,2025-11-09T11:00:00+00:00
2025-12-01T02:00:00+00:00,USD,PHP,54.97956,SYNTH_PROVIDER_A,1,2025-12-01T08:00:00+00:00
2026-01-09T20:00:00+00:00,USD,EUR,0.901395,SYNTH_PROVIDER_B,1,2026-01-11T20:00:00+00:00
2025-12-25T11:00:00+00:00,USD,AUD,1.490455,SYNTH_PROVIDER_B,0,2025-12-25T17:00:00+00:00
2025-12-04T22:00:00+00:00,USD,EUR,0.92448,SYNTH_PROVIDER_A,0,2025-12-05T22:00:00+00:00
2025-10-24T20:00:00+00:00,USD,PHP,54.950481,SYNTH_PROVIDER_A,0,2025-10-25T20:00:00+00:00
2025-12-20T22:00:00+00:00,USD,EUR,0.916645,SYNTH_PROVIDER_B,0,2025-12-21T04:00:00+00:00
2025-12-11T21:00:00+00:00,USD,SGD,1.340759,SYNTH_PROVIDER_B,0,2025-12-12T03:00:00+00:00
2025-10-04T21:00:00+00:00,USD,AUD,1.499411,SYNTH_PROVIDER_A,0,2025-10-06T21:00:00+00:00
2025-12-11T02:00:00+00:00,USD,PHP,54.687579,SYNTH_PROVIDER_B,0,2025-12-11T02:00:00+00:00
2025-12-26T21:00:00+00:00,USD,PHP,54.806592,SYNTH_PROVIDER_B,0,2025-12-27T03:00:00+00:00
2025-09-30T14:00:00+00:00,USD,AUD,1.487022,SYNTH_PROVIDER_A,0,2025-09-30T14:00:00+00:00
2025-09-25T07:00:00+00:00,USD,EUR,0.922405,SYNTH_PROVIDER_A,0,2025-09-27T07:00:00+00:00
2025-09-19T13:00:00+00:00,USD,EUR,0.917767,SYNTH_PROVIDER_B,0,2025-09-19T19:00:00+00:00
2025-10-31T19:00:00+00:00,USD,PHP,54.200018,SYNTH_PROVIDER_B,0,2025-10-31T19:00:00+00:00
2025-10-08T05:00:00+00:00,USD,SGD,1.336605,SYNTH_PROVIDER_A,0,2025-10-08T11:00:00+00:00
2025-10-11T22:00:00+00:00,USD,SGD,1.336211,SYNTH_PROVIDER_A,0,2025-10-11T22:00:00+00:00
2025-10-25T23:00:00+00:00,USD,SGD,1.365159,SYNTH_PROVIDER_A,0,2025-10-25T23:00:00+00:00
2025-10-04T21:00:00+00:00,USD,EUR,0.920461,SYNTH_PROVIDER_B,0,2025-10-04T21:00:00+00:00
2025-12-07T16:00:00+00:00,USD,SGD,1.355019,SYNTH_PROVIDER_B,0,2025-12-08T16:00:00+00:00
2025-11-23T16:00:00+00:00,USD,SGD,1.365179,SYNTH_PROVIDER_B,0,2025-11-23T22:00:00+00:00
2025-12-18T00:00:00+00:00,USD,PHP,55.656202,SYNTH_PROVIDER_B,0,2025-12-18T00:00:00+00:00
2025-11-21T04:00:00+00:00,USD,PHP,53.821133,SYNTH_PROVIDER_B,0,2025-11-23T04:00:00+00:00
2025-09-25T18:00:00+00:00,USD,SGD,1.370804,SYNTH_PROVIDER_A,0,2025-09-25T18:00:00+00:00
2026-01-02T22:00:00+00:00,USD,AUD,1.485641,SYNTH_PROVIDER_A,0,2026-01-02T22:00:00+00:00
2025-10-10T06:00:00+00:00,USD,EUR,0.904831,SYNTH_PROVIDER_A,0,2025-10-10T06:00:00+00:00
2025-11-07T02:00:00+00:00,USD,SGD,1.349592,SYNTH_PROVIDER_A,0,2025-11-09T02:00:00+00:00
2025-09-20T15:00:00+00:00,USD,AUD,1.504238,SYNTH_PROVIDER_A,0,2025-09-20T15:00:00+00:00
2025-11-17T05:00:00+00:00,USD,SGD,1.358391,SYNTH_PROVIDER_B,0,2025-11-19T05:00:00+00:00
2026-01-11T21:00:00+00:00,USD,EUR,0.925268,SYNTH_PROVIDER_A,0,2026-01-11T21:00:00+00:00
2025-12-12T01:00:00+00:00,USD,SGD,1.341487,SYNTH_PROVIDER_B,0,2025-12-13T01:00:00+00:00
2025-10-20T22:00:00+00:00,USD,EUR,0.9267,SYNTH_PROVIDER_B,0,2025-10-20T22:00:00+00:00
2025-11-23T18:00:00+00:00,USD,AUD,1.499485,SYNTH_PROVIDER_B,0,2025-11-24T00:00:00+00:00
2025-11-11T02:00:00+00:00,USD,EUR,0.928687,SYNTH_PROVIDER_B,0,2025-11-11T02:00:00+00:00
2025-09-21T04:00:00+00:00,USD,SGD,1.366176,SYNTH_PROVIDER_B,0,2025-09-22T04:00:00+00:00
2025-09-24T05:00:00+00:00,USD,SGD,1.343376,SYNTH_PROVIDER_B,0,2025-09-26T05:00:00+00:00
2025-11-25T04:00:00+00:00,USD,AUD,1.4979,SYNTH_PROVIDER_A,0,2025-11-26T04:00:00+00:00
2026-01-04T10:00:00+00:00,USD,PHP,55.53986,SYNTH_PROVIDER_B,0,2026-01-05T10:00:00+00:00
2025-12-12T06:00:00+00:00,USD,SGD,1.373853,SYNTH_PROVIDER_B,1,2025-12-13T06:00:00+00:00
2025-12-09T19:00:00+00:00,USD,EUR,0.930515,SYNTH_PROVIDER_B,0,2025-12-09T19:00:00+00:00
2025-12-15T23:00:00+00:00,USD,PHP,55.964825,SYNTH_PROVIDER_A,0,2025-12-16T05:00:00+00:00
2025-12-12T17:00:00+00:00,USD,AUD,1.513853,SYNTH_PROVIDER_A,0,2025-12-12T17:00:00+00:00
2025-11-16T01:00:00+00:00,USD,EUR,0.900026,SYNTH_PROVIDER_A,0,2025-11-16T01:00:00+00:00
2025-10-08T22:00:00+00:00,USD,SGD,1.336825,SYNTH_PROVIDER_A,0,2025-10-09T22:00:00+00:00
2025-12-31T18:00:00+00:00,USD,EUR,0.905391,SYNTH_PROVIDER_B,0,2026-01-01T00:00:00+00:00
2025-09-19T05:00:00+00:00,USD,SGD,1.3508,SYNTH_PROVIDER_B,0,2025-09-21T05:00:00+00:00
2025-12-18T08:00:00+00:00,USD,SGD,1.363817,SYNTH_PROVIDER_B,0,2025-12-20T08:00:00+00:00
2025-10-30T16:00:00+00:00,USD,EUR,0.926567,SYNTH_PROVIDER_A,0,2025-10-30T16:00:00+00:00
2025-11-15T07:00:00+00:00,USD,AUD,1.489753,SYNTH_PROVIDER_A,0,2025-11-17T07:00:00+00:00
2025-12-27T07:00:00+00:00,USD,AUD,1.507508,SYNTH_PROVIDER_B,0,2025-12-27T07:00:00+00:00
2025-12-07T20:00:00+00:00,USD,AUD,1.499944,SYNTH_PROVIDER_B,0,2025-12-08T20:00:00+00:00
2025-09-24T23:00:00+00:00,USD,EUR,0.907743,SYNTH_PROVIDER_A,0,2025-09-25T05:00:00+00:00
2025-10-16T12:00:00+00:00,USD,PHP,55.048918,SYNTH_PROVIDER_B,0,2025-10-16T12:00:00+00:00
2026-01-11T17:00:00+00:00,USD,AUD,1.53268,SYNTH_PROVIDER_B,0,2026-01-13T17:00:00+00:00
2025-12-26T22:00:00+00:00,USD,SGD,1.342255,SYNTH_PROVIDER_A,0,2025-12-27T22:00:00+00:00
2025-10-15T06:00:00+00:00,USD,SGD,1.364317,SYNTH_PROVIDER_B,0,2025-10-15T12:00:00+00:00
2025-09-28T22:00:00+00:00,USD,AUD,1.493705,SYNTH_PROVIDER_B,0,2025-09-28T22:00:00+00:00
2025-11-06T08:00:00+00:00,USD,PHP,55.247985,SYNTH_PROVIDER_A,0,2025-11-06T14:00:00+00:00
2025-10-14T19:00:00+00:00,USD,PHP,54.348302,SYNTH_PROVIDER_B,0,2025-10-14T19:00:00+00:00
2025-10-08T13:00:00+00:00,USD,EUR,0.931,SYNTH_PROVIDER_B,0,2025-10-08T13:00:00+00:00
2025-11-28T16:00:00+00:00,USD,EUR,0.904658,SYNTH_PROVIDER_A,0,2025-11-28T16:00:00+00:00
2025-11-14T11:00:00+00:00,USD,SGD,1.357717,SYNTH_PROVIDER_A,0,2025-11-16T11:00:00+00:00
2025-10-05T16:00:00+00:00,USD,EUR,0.920855,SYNTH_PROVIDER_A,0,2025-10-05T22:00:00+00:00
2025-11-16T07:00:00+00:00,USD,AUD,1.482533,SYNTH_PROVIDER_B,0,2025-11-16T07:00:00+00:00
2025-09-28T06:00:00+00:00,USD,EUR,0.91942,SYNTH_PROVIDER_A,0,2025-09-30T06:00:00+00:00
2025-11-12T07:00:00+00:00,USD,SGD,1.331371,SYNTH_PROVIDER_A,0,2025-11-12T13:00:00+00:00
2026-01-11T14:00:00+00:00,USD,SGD,1.356864,SYNTH_PROVIDER_B,0,2026-01-12T14:00:00+00:00
2025-12-10T07:00:00+00:00,USD,EUR,0.91897,SYNTH_PROVIDER_B,1,2025-12-10T13:00:00+00:00
2025-11-11T02:00:00+00:00,USD,PHP,54.521778,SYNTH_PROVIDER_B,0,2025-11-12T02:00:00+00:00
2025-11-08T18:00:00+00:00,USD,PHP,54.646383,SYNTH_PROVIDER_A,0,2025-11-09T18:00:00+00:00
2025-10-20T15:00:00+00:00,USD,EUR,0.910266,SYNTH_PROVIDER_B,0,2025-10-20T15:00:00+00:00
2025-10-20T16:00:00+00:00,USD,PHP,55.399487,SYNTH_PROVIDER_B,0,2025-10-22T16:00:00+00:00
2026-01-13T17:00:00+00:00,USD,AUD,1.498031,SYNTH_PROVIDER_A,0,2026-01-13T17:00:00+00:00
2025-10-12T08:00:00+00:00,USD,EUR,0.924459,SYNTH_PROVIDER_A,0,2025-10-14T08:00:00+00:00
2025-10-30T14:00:00+00:00,USD,EUR,0.916777,SYNTH_PROVIDER_B,0,2025-11-01T14:00:00+00:00
2025-12-04T11:00:00+00:00,USD,EUR,0.930464,SYNTH_PROVIDER_A,1,2025-12-04T11:00:00+00:00
2025-09-19T02:00:00+00:00,USD,SGD,1.350574,SYNTH_PROVIDER_B,0,2025-09-20T02:00:00+00:00
2025-10-11T09:00:00+00:00,USD,PHP,55.579394,SYNTH_PROVIDER_B,0,2025-10-11T15:00:00+00:00
2025-10-08T02:00:00+00:00,USD,EUR,0.911241,SYNTH_PROVIDER_A,0,2025-10-09T02:00:00+00:00
2025-10-25T11:00:00+00:00,USD,SGD,1.347832,SYNTH_PROVIDER_B,0,2025-10-25T17:00:00+00:00
2025-12-31T03:00:00+00:00,USD,EUR,0.917967,SYNTH_PROVIDER_A,0,2025-12-31T03:00:00+00:00
2025-10-28T04:00:00+00:00,USD,PHP,53.792117,SYNTH_PROVIDER_B,0,2025-10-29T04:00:00+00:00
2025-12-23T22:00:00+00:00,USD,EUR,0.923261,SYNTH_PROVIDER_A,0,2025-12-24T04:00:00+00:00
2025-11-17T07:00:00+00:00,USD,AUD,1.481149,SYNTH_PROVIDER_B,0,2025-11-17T07:00:00+00:00
2025-12-08T06:00:00+00:00,USD,SGD,1.341524,SYNTH_PROVIDER_A,1,2025-12-10T06:00:00+00:00
2025-11-14T10:00:00+00:00,USD,AUD,1.505067,SYNTH_PROVIDER_A,0,2025-11-14T10:00:00+00:00
2025-10-12T07:00:00+00:00,USD,AUD,1.52002,SYNTH_PROVIDER_A,0,2025-10-12T07:00:00+00:00
2025-10-14T05:00:00+00:00,USD,SGD,1.374585,SYNTH_PROVIDER_A,0,2025-10-14T05:00:00+00:00
2025-12-07T14:00:00+00:00,USD,SGD,1.349789,SYNTH_PROVIDER_B,0,2025-12-07T14:00:00+00:00
2025-09-24T02:00:00+00:00,USD,SGD,1.353065,SYNTH_PROVIDER_A,0,2025-09-24T02:00:00+00:00
2025-09-21T07:00:00+00:00,USD,AUD,1.526952,SYNTH_PROVIDER_A,0,2025-09-23T07:00:00+00:00
2025-09-19T11:00:00+00:00,USD,PHP,54.979915,SYNTH_PROVIDER_B,0,2025-09-19T17:00:00+00:00
2025-09-24T09:00:00+00:00,USD,AUD,1.50896,SYNTH_PROVIDER_B,0,2025-09-24T09:00:00+00:00
2026-01-08T00:00:00+00:00,USD,AUD,1.498527,SYNTH_PROVIDER_A,0,2026-01-08T00:00:00+00:00
2025-12-10T06:00:00+00:00,USD,SGD,1.328065,SYNTH_PROVIDER_A,0,2025-12-10T12:00:00+00:00
2025-11-30T18:00:00+00:00,USD,EUR,0.919888,SYNTH_PROVIDER_B,0,2025-11-30T18:00:00+00:00
2025-12-04T11:00:00+00:00,USD,AUD,1.491199,SYNTH_PROVIDER_B,0,2025-12-04T17:00:00+00:00
2026-01-05T16:00:00+00:00,USD,AUD,1.498105,SYNTH_PROVIDER_B,0,2026-01-05T16:00:00+00:00
2026-01-06T00:00:00+00:00,USD,EUR,0.916081,SYNTH_PROVIDER_B,0,2026-01-06T00:00:00+00:00
2025-11-21T04:00:00+00:00,USD,EUR,0.91625,SYNTH_PROVIDER_A,0,2025-11-22T04:00:00+00:00
2025-09-26T01:00:00+00:00,USD,AUD,1.482151,SYNTH_PROVIDER_B,1,2025-09-26T07:00:00+00:00
2025-11-28T14:00:00+00:00,USD,SGD,1.375268,SYNTH_PROVIDER_B,0,2025-11-30T14:00:00+00:00
2025-12-22T02:00:00+00:00,USD,PHP,54.567321,SYNTH_PROVIDER_A,0,2025-12-22T02:00:00+00:00
2026-01-07T03:00:00+00:00,USD,SGD,1.354618,SYNTH_PROVIDER_A,0,2026-01-07T03:00:00+00:00
2025-10-10T15:00:00+00:00,USD,PHP,55.159789,SYNTH_PROVIDER_B,0,2025-10-10T15:00:00+00:00
2025-11-29T22:00:00+00:00,USD,AUD,1.480696,SYNTH_PROVIDER_A,0,2025-11-29T22:00:00+00:00
2026-01-04T03:00:00+00:00,USD,AUD,1.486599,SYNTH_PROVIDER_A,0,2026-01-04T03:00:00+00:00
2025-09-29T12:00:00+00:00,USD,AUD,1.511813,SYNTH_PROVIDER_A,0,2025-09-29T12:00:00+00:00
2025-11-08T03:00:00+00:00,USD,PHP,54.705924,SYNTH_PROVIDER_B,0,2025-11-09T03:00:00+00:00
2025-12-04T11:00:00+00:00,USD,SGD,1.354434,SYNTH_PROVIDER_B,0,2025-12-04T11:00:00+00:00
2025-12-28T15:00:00+00:00,USD,SGD,1.349741,SYNTH_PROVIDER_A,0,2025-12-28T15:00:00+00:00
2025-10-27T12:00:00+00:00,USD,PHP,54.693752,SYNTH_PROVIDER_A,0,2025-10-27T12:00:00+00:00
2025-11-21T04:00:00+00:00,USD,AUD,1.501886,SYNTH_PROVIDER_B,0,2025-11-21T10:00:00+00:00
2026-01-16T09:00:00+00:00,USD,EUR,0.929041,SYNTH_PROVIDER_B,0,2026-01-16T09:00:00+00:00
2026-01-11T16:00:00+00:00,USD,EUR,0.926296,SYNTH_PROVIDER_B,0,2026-01-13T16:00:00+00:00
2025-10-23T02:00:00+00:00,USD,SGD,1.355473,SYNTH_PROVIDER_B,0,2025-10-23T08:00:00+00:00
2025-12-25T12:00:00+00:00,USD,PHP,55.137791,SYNTH_PROVIDER_A,0,2025-12-25T12:00:00+00:00
2026-01-10T00:00:00+00:00,USD,SGD,1.330448,SYNTH_PROVIDER_A,0,2026-01-10T06:00:00+00:00
2025-11-23T10:00:00+00:00,USD,PHP,54.769745,SYNTH_PROVIDER_B,0,2025-11-23T16:00:00+00:00
2025-10-02T07:00:00+00:00,USD,AUD,1.491714,SYNTH_PROVIDER_A,0,2025-10-03T07:00:00+00:00
2026-01-08T20:00:00+00:00,USD,EUR,0.918088,SYNTH_PROVIDER_B,0,2026-01-08T20:00:00+00:00
2025-12-09T12:00:00+00:00,USD,PHP,56.036589,SYNTH_PROVIDER_B,0,2025-12-09T12:00:00+00:00
2025-12-04T21:00:00+00:00,USD,SGD,1.355143,SYNTH_PROVIDER_A,0,2025-12-05T03:00:00+00:00
2026-01-02T08:00:00+00:00,USD,EUR,0.914512,SYNTH_PROVIDER_A,0,2026-01-04T08:00:00+00:00
2025-11-03T08:00:00+00:00,USD,SGD,1.346019,SYNTH_PROVIDER_A,0,2025-11-05T08:00:00+00:00
2025-11-12T17:00:00+00:00,USD,PHP,54.882772,SYNTH_PROVIDER_A,0,2025-11-12T17:00:00+00:00
2025-12-29T18:00:00+00:00,USD,SGD,1.326666,SYNTH_PROVIDER_A,0,2025-12-31T18:00:00+00:00
2025-12-29T07:00:00+00:00,USD,EUR,0.938083,SYNTH_PROVIDER_B,0,2025-12-29T13:00:00+00:00
2025-10-31T12:00:00+00:00,USD,SGD,1.351731,SYNTH_PROVIDER_A,0,2025-10-31T12:00:00+00:00
2025-12-19T06:00:00+00:00,USD,EUR,0.916271,SYNTH_PROVIDER_B,1,2025-12-20T06:00:00+00:00
2026-01-11T01:00:00+00:00,USD,AUD,1.512792,SYNTH_PROVIDER_A,0,2026-01-12T01:00:00+00:00
2026-01-09T12:00:00+00:00,USD,EUR,0.918844,SYNTH_PROVIDER_A,0,2026-01-09T12:00:00+00:00
2025-12-02T07:00:00+00:00,USD,EUR,0.939327,SYNTH_PROVIDER_A,0,2025-12-04T07:00:00+00:00
2025-11-20T23:00:00+00:00,USD,PHP,54.927667,SYNTH_PROVIDER_A,0,2025-11-20T23:00:00+00:00
2026-01-11T20:00:00+00:00,USD,PHP,55.047443,SYNTH_PROVIDER_A,0,2026-01-12T20:00:00+00:00
2025-11-26T01:00:00+00:00,USD,SGD,1.362644,SYNTH_PROVIDER_A,0,2025-11-27T01:00:00+00:00
2025-12-20T18:00:00+00:00,USD,SGD,1.364862,SYNTH_PROVIDER_A,0,2025-12-20T18:00:00+00:00
2025-12-25T07:00:00+00:00,USD,EUR,0.916275,SYNTH_PROVIDER_A,1,2025-12-25T13:00:00+00:00
2025-10-29T20:00:00+00:00,USD,PHP,54.205467,SYNTH_PROVIDER_A,0,2025-10-30T20:00:00+00:00
2025-12-05T05:00:00+00:00,USD,AUD,1.488581,SYNTH_PROVIDER_B,0,2025-12-06T05:00:00+00:00
2025-11-09T13:00:00+00:00,USD,AUD,1.501566,SYNTH_PROVIDER_B,0,2025-11-09T13:00:00+00:00
2025-10-23T15:00:00+00:00,USD,PHP,54.308092,SYNTH_PROVIDER_B,0,2025-10-23T21:00:00+00:00
2025-11-21T15:00:00+00:00,USD,EUR,0.927381,SYNTH_PROVIDER_B,1,2025-11-23T15:00:00+00:00
2025-10-20T04:00:00+00:00,USD,PHP,54.165594,SYNTH_PROVIDER_A,0,2025-10-20T04:00:00+00:00
2025-10-07T20:00:00+00:00,USD,PHP,55.243834,SYNTH_PROVIDER_B,0,2025-10-08T20:00:00+00:00
2025-12-17T05:00:00+00:00,USD,AUD,1.495649,SYNTH_PROVIDER_A,1,2025-12-17T11:00:00+00:00
2025-09-26T02:00:00+00:00,USD,EUR,0.942567,SYNTH_PROVIDER_B,0,2025-09-26T02:00:00+00:00
2025-11-09T13:00:00+00:00,USD,EUR,0.922464,SYNTH_PROVIDER_B,0,2025-11-10T13:00:00+00:00
2025-11-20T15:00:00+00:00,USD,AUD,1.49676,SYNTH_PROVIDER_A,0,2025-11-22T15:00:00+00:00
2025-10-30T17:00:00+00:00,USD,SGD,1.358778,SYNTH_PROVIDER_B,0,2025-10-30T17:00:00+00:00
2026-01-03T06:00:00+00:00,USD,EUR,0.913684,SYNTH_PROVIDER_B,0,2026-01-03T12:00:00+00:00
2026-01-13T16:00:00+00:00,USD,AUD,1.514212,SYNTH_PROVIDER_A,0,2026-01-14T16:00:00+00:00
2025-12-27T01:00:00+00:00,USD,SGD,1.368641,SYNTH_PROVIDER_B,0,2025-12-27T01:00:00+00:00
2025-11-27T06:00:00+00:00,USD,AUD,1.507083,SYNTH_PROVIDER_B,0,2025-11-27T12:00:00+00:00
2025-11-20T14:00:00+00:00,USD,EUR,0.922647,SYNTH_PROVIDER_A,0,2025-11-20T20:00:00+00:00
2025-11-17T13:00:00+00:00,USD,SGD,1.375328,SYNTH_PROVIDER_B,0,2025-11-17T13:00:00+00:00
2025-11-16T03:00:00+00:00,USD,EUR,0.918353,SYNTH_PROVIDER_B,0,2025-11-16T03:00:00+00:00
2026-01-11T01:00:00+00:00,USD,EUR,0.948756,SYNTH_PROVIDER_A,0,2026-01-12T01:00:00+00:00
2025-10-06T18:00:00+00:00,USD,SGD,1.333688,SYNTH_PROVIDER_A,0,2025-10-08T18:00:00+00:00
2025-12-08T08:00:00+00:00,USD,EUR,0.921726,SYNTH_PROVIDER_B,0,2025-12-10T08:00:00+00:00
2025-10-24T01:00:00+00:00,USD,EUR,0.923418,SYNTH_PROVIDER_B,0,2025-10-25T01:00:00+00:00
2025-12-25T16:00:00+00:00,USD,EUR,0.917312,SYNTH_PROVIDER_A,0,2025-12-26T16:00:00+00:00
2025-10-01T22:00:00+00:00,USD,EUR,0.918012,SYNTH_PROVIDER_A,1,2025-10-03T22:00:00+00:00
2025-12-01T13:00:00+00:00,USD,EUR,0.91167,SYNTH_PROVIDER_B,0,2025-12-02T13:00:00+00:00
2025-11-29T19:00:00+00:00,USD,AUD,1.488359,SYNTH_PROVIDER_A,1,2025-11-29T19:00:00+00:00
2025-12-10T09:00:00+00:00,USD,EUR,0.914498,SYNTH_PROVIDER_A,0,2025-12-10T09:00:00+00:00
2025-12-01T20:00:00+00:00,USD,AUD,1.50328,SYNTH_PROVIDER_A,0,2025-12-02T20:00:00+00:00
2025-11-24T05:00:00+00:00,USD,EUR,0.925216,SYNTH_PROVIDER_A,1,2025-11-24T05:00:00+00:00
2025-09-25T07:00:00+00:00,USD,PHP,55.684271,SYNTH_PROVIDER_A,0,2025-09-26T07:00:00+00:00
2025-10-27T08:00:00+00:00,USD,AUD,1.513706,SYNTH_PROVIDER_A,1,2025-10-27T08:00:00+00:00
2026-01-12T06:00:00+00:00,USD,SGD,1.322944,SYNTH_PROVIDER_B,0,2026-01-12T12:00:00+00:00
2025-11-05T18:00:00+00:00,USD,PHP,54.72037,SYNTH_PROVIDER_B,0,2025-11-07T18:00:00+00:00
2026-01-06T07:00:00+00:00,USD,EUR,0.913612,SYNTH_PROVIDER_B,0,2026-01-07T07:00:00+00:00
2025-09-25T06:00:00+00:00,USD,SGD,1.363973,SYNTH_PROVIDER_B,0,2025-09-27T06:00:00+00:00
2025-12-09T11:00:00+00:00,USD,PHP,55.613993,SYNTH_PROVIDER_A,0,2025-12-09T17:00:00+00:00
2025-11-01T09:00:00+00:00,USD,AUD,1.486663,SYNTH_PROVIDER_A,0,2025-11-03T09:00:00+00:00
2026-01-03T20:00:00+00:00,USD,EUR,0.924151,SYNTH_PROVIDER_A,1,2026-01-04T02:00:00+00:00
2025-09-28T14:00:00+00:00,USD,SGD,1.370223,SYNTH_PROVIDER_B,0,2025-09-28T20:00:00+00:00
2025-09-26T20:00:00+00:00,USD,EUR,0.927585,SYNTH_PROVIDER_B,0,2025-09-26T20:00:00+00:00
2025-12-07T23:00:00+00:00,USD,SGD,1.368238,SYNTH_PROVIDER_B,0,2025-12-08T23:00:00+00:00
2025-11-10T17:00:00+00:00,USD,EUR,0.9112,SYNTH_PROVIDER_A,0,2025-11-12T17:00:00+00:00
2025-10-10T06:00:00+00:00,USD,EUR,0.926324,SYNTH_PROVIDER_A,0,2025-10-12T06:00:00+00:00
2025-10-14T15:00:00+00:00,USD,SGD,1.361848,SYNTH_PROVIDER_B,0,2025-10-15T15:00:00+00:00
2025-10-16T20:00:00+00:00,USD,AUD,1.502031,SYNTH_PROVIDER_B,0,2025-10-18T20:00:00+00:00
2025-12-07T10:00:00+00:00,USD,PHP,54.880222,SYNTH_PROVIDER_B,0,2025-12-07T10:00:00+00:00
2026-01-09T07:00:00+00:00,USD,PHP,55.824105,SYNTH_PROVIDER_A,0,2026-01-09T13:00:00+00:00
2026-01-09T03:00:00+00:00,USD,SGD,1.355988,SYNTH_PROVIDER_B,0,2026-01-09T03:00:00+00:00
2026-01-04T08:00:00+00:00,USD,EUR,0.923492,SYNTH_PROVIDER_B,0,2026-01-04T14:00:00+00:00
2025-10-29T13:00:00+00:00,USD,SGD,1.341487,SYNTH_PROVIDER_B,0,2025-10-31T13:00:00+00:00
2025-10-05T00:00:00+00:00,USD,EUR,0.914519,SYNTH_PROVIDER_B,0,2025-10-07T00:00:00+00:00
2025-11-29T02:00:00+00:00,USD,PHP,54.614523,SYNTH_PROVIDER_B,0,2025-11-29T02:00:00+00:00
2025-10-20T23:00:00+00:00,USD,PHP,55.175928,SYNTH_PROVIDER_A,0,2025-10-20T23:00:00+00:00
2025-12-09T11:00:00+00:00,USD,EUR,0.904706,SYNTH_PROVIDER_B,0,2025-12-11T11:00:00+00:00
2025-11-26T15:00:00+00:00,USD,AUD,1.490676,SYNTH_PROVIDER_B,0,2025-11-27T15:00:00+00:00
2025-12-03T08:00:00+00:00,USD,EUR,0.91846,SYNTH_PROVIDER_A,0,2025-12-03T08:00:00+00:00
2025-10-07T23:00:00+00:00,USD,AUD,1.493987,SYNTH_PROVIDER_B,0,2025-10-07T23:00:00+00:00
2025-11-21T09:00:00+00:00,USD,EUR,0.922907,SYNTH_PROVIDER_B,0,2025-11-23T09:00:00+00:00
2025-11-21T06:00:00+00:00,USD,PHP,55.719781,SYNTH_PROVIDER_A,0,2025-11-22T06:00:00+00:00
2025-12-20T20:00:00+00:00,USD,EUR,0.921362,SYNTH_PROVIDER_A,0,2025-12-22T20:00:00+00:00
2026-01-05T20:00:00+00:00,USD,PHP,54.105608,SYNTH_PROVIDER_A,1,2026-01-05T20:00:00+00:00
2025-12-30T05:00:00+00:00,USD,PHP,54.854842,SYNTH_PROVIDER_B,0,2025-12-30T11:00:00+00:00
2025-11-08T12:00:00+00:00,USD,EUR,0.92217,SYNTH_PROVIDER_B,0,2025-11-08T18:00:00+00:00
2025-10-02T17:00:00+00:00,USD,SGD,1.341468,SYNTH_PROVIDER_A,0,2025-10-02T17:00:00+00:00
2025-11-22T20:00:00+00:00,USD,SGD,1.355523,SYNTH_PROVIDER_B,0,2025-11-22T20:00:00+00:00
2025-10-22T06:00:00+00:00,USD,PHP,55.03373,SYNTH_PROVIDER_B,0,2025-10-22T06:00:00+00:00
2025-12-12T08:00:00+00:00,USD,EUR,0.911142,SYNTH_PROVIDER_A,0,2025-12-12T08:00:00+00:00
2025-12-23T14:00:00+00:00,USD,SGD,1.34664,SYNTH_PROVIDER_A,1,2025-12-23T14:00:00+00:00
2026-01-13T00:00:00+00:00,USD,AUD,1.496808,SYNTH_PROVIDER_A,0,2026-01-15T00:00:00+00:00
2025-11-20T15:00:00+00:00,USD,SGD,1.351262,SYNTH_PROVIDER_B,0,2025-11-20T21:00:00+00:00
2025-10-06T08:00:00+00:00,USD,PHP,55.306128,SYNTH_PROVIDER_A,1,2025-10-06T08:00:00+00:00
2025-10-09T20:00:00+00:00,USD,PHP,53.914087,SYNTH_PROVIDER_A,0,2025-10-09T20:00:00+00:00
2025-09-20T03:00:00+00:00,USD,EUR,0.940415,SYNTH_PROVIDER_B,0,2025-09-20T03:00:00+00:00
2025-10-22T22:00:00+00:00,USD,AUD,1.487661,SYNTH_PROVIDER_A,0,2025-10-22T22:00:00+00:00
2025-12-25T14:00:00+00:00,USD,PHP,54.769441,SYNTH_PROVIDER_B,0,2025-12-25T14:00:00+00:00
2025-11-17T01:00:00+00:00,USD,AUD,1.523195,SYNTH_PROVIDER_A,0,2025-11-18T01:00:00+00:00
2025-11-05T16:00:00+00:00,USD,EUR,0.92541,SYNTH_PROVIDER_A,0,2025-11-06T16:00:00+00:00
2025-12-28T10:00:00+00:00,USD,EUR,0.921034,SYNTH_PROVIDER_A,0,2025-12-28T10:00:00+00:00
2025-10-01T20:00:00+00:00,USD,AUD,1.504084,SYNTH_PROVIDER_B,0,2025-10-03T20:00:00+00:00
2025-10-26T16:00:00+00:00,USD,SGD,1.345149,SYNTH_PROVIDER_B,0,2025-10-26T22:00:00+00:00
2025-10-28T22:00:00+00:00,USD,AUD,1.481091,SYNTH_PROVIDER_A,1,2025-10-29T04:00:00+00:00
2025-10-31T04:00:00+00:00,USD,AUD,1.498207,SYNTH_PROVIDER_B,0,2025-10-31T10:00:00+00:00
2025-11-16T14:00:00+00:00,USD,SGD,1.369293,SYNTH_PROVIDER_B,0,2025-11-16T14:00:00+00:00
2025-09-24T13:00:00+00:00,USD,PHP,54.76172,SYNTH_PROVIDER_B,0,2025-09-24T13:00:00+00:00
2025-12-05T17:00:00+00:00,USD,EUR,0.929869,SYNTH_PROVIDER_B,0,2025-12-05T17:00:00+00:00
2025-09-21T13:00:00+00:00,USD,AUD,1.507003,SYNTH_PROVIDER_A,0,2025-09-21T13:00:00+00:00
2025-10-14T19:00:00+00:00,USD,AUD,1.490589,SYNTH_PROVIDER_B,0,2025-10-16T19:00:00+00:00
2025-10-31T07:00:00+00:00,USD,AUD,1.482903,SYNTH_PROVIDER_A,0,2025-11-02T07:00:00+00:00
2025-12-22T13:00:00+00:00,USD,SGD,1.361549,SYNTH_PROVIDER_A,0,2025-12-22T19:00:00+00:00
2026-01-14T13:00:00+00:00,USD,EUR,0.91666,SYNTH_PROVIDER_B,0,2026-01-14T13:00:00+00:00
2025-09-21T15:00:00+00:00,USD,PHP,54.582197,SYNTH_PROVIDER_B,0,2025-09-21T21:00:00+00:00
2025-11-05T13:00:00+00:00,USD,AUD,1.502358,SYNTH_PROVIDER_A,0,2025-11-06T13:00:00+00:00
2025-12-23T08:00:00+00:00,USD,PHP,54.894125,SYNTH_PROVIDER_A,0,2025-12-25T08:00:00+00:00
2025-12-10T02:00:00+00:00,USD,AUD,1.517154,SYNTH_PROVIDER_B,0,2025-12-10T02:00:00+00:00
2025-11-14T09:00:00+00:00,USD,PHP,55.680156,SYNTH_PROVIDER_A,0,2025-11-14T09:00:00+00:00
2025-12-21T12:00:00+00:00,USD,EUR,0.918884,SYNTH_PROVIDER_B,0,2025-12-23T12:00:00+00:00
2025-11-13T03:00:00+00:00,USD,AUD,1.494673,SYNTH_PROVIDER_A,0,2025-11-13T09:00:00+00:00
2025-12-12T08:00:00+00:00,USD,AUD,1.494842,SYNTH_PROVIDER_B,0,2025-12-12T14:00:00+00:00
2025-11-05T05:00:00+00:00,USD,PHP,54.805003,SYNTH_PROVIDER_B,0,2025-11-06T05:00:00+00:00
2025-09-25T14:00:00+00:00,USD,AUD,1.509678,SYNTH_PROVIDER_A,0,2025-09-27T14:00:00+00:00
2025-10-25T14:00:00+00:00,USD,AUD,1.499442,SYNTH_PROVIDER_A,0,2025-10-25T14:00:00+00:00
2025-10-09T05:00:00+00:00,USD,SGD,1.347185,SYNTH_PROVIDER_A,0,2025-10-10T05:00:00+00:00
2025-12-22T22:00:00+00:00,USD,PHP,55.545712,SYNTH_PROVIDER_B,0,2025-12-23T22:00:00+00:00
2025-11-16T09:00:00+00:00,USD,PHP,55.394949,SYNTH_PROVIDER_B,0,2025-11-16T15:00:00+00:00
2025-12-25T20:00:00+00:00,USD,AUD,1.51989,SYNTH_PROVIDER_B,0,2025-12-26T02:00:00+00:00
2026-01-05T21:00:00+00:00,USD,AUD,1.486467,SYNTH_PROVIDER_B,1,2026-01-05T21:00:00+00:00
2025-12-22T08:00:00+00:00,USD,AUD,1.495574,SYNTH_PROVIDER_A,0,2025-12-22T14:00:00+00:00
2026-01-05T22:00:00+00:00,USD,EUR,0.912733,SYNTH_PROVIDER_B,0,2026-01-06T04:00:00+00:00
2025-11-22T21:00:00+00:00,USD,PHP,55.075086,SYNTH_PROVIDER_B,0,2025-11-22T21:00:00+00:00
2025-10-16T08:00:00+00:00,USD,AUD,1.500815,SYNTH_PROVIDER_A,0,2025-10-16T08:00:00+00:00
2025-12-18T04:00:00+00:00,USD,EUR,0.935528,SYNTH_PROVIDER_A,0,2025-12-18T04:00:00+00:00
2025-11-21T15:00:00+00:00,USD,EUR,0.910004,SYNTH_PROVIDER_B,0,2025-11-21T21:00:00+00:00
2025-12-19T00:00:00+00:00,USD,SGD,1.350659,SYNTH_PROVIDER_A,1,2025-12-19T06:00:00+00:00
2025-12-30T23:00:00+00:00,USD,SGD,1.332703,SYNTH_PROVIDER_A,0,2025-12-30T23:00:00+00:00
2025-10-28T07:00:00+00:00,USD,PHP,54.824068,SYNTH_PROVIDER_A,0,2025-10-29T07:00:00+00:00
2025-10-30T20:00:00+00:00,USD,PHP,55.253878,SYNTH_PROVIDER_A,1,2025-10-31T02:00:00+00:00
2025-11-04T00:00:00+00:00,USD,AUD,1.488447,SYNTH_PROVIDER_A,0,2025-11-04T00:00:00+00:00
2025-10-20T14:00:00+00:00,USD,SGD,1.340231,SYNTH_PROVIDER_B,0,2025-10-22T14:00:00+00:00
2025-12-08T16:00:00+00:00,USD,PHP,54.370736,SYNTH_PROVIDER_A,0,2025-12-08T16:00:00+00:00
2025-12-11T05:00:00+00:00,USD,PHP,56.086619,SYNTH_PROVIDER_A,0,2025-12-11T11:00:00+00:00
2025-12-07T05:00:00+00:00,USD,EUR,0.922242,SYNTH_PROVIDER_A,0,2025-12-09T05:00:00+00:00
2025-11-22T10:00:00+00:00,USD,PHP,54.59567,SYNTH_PROVIDER_B,0,2025-11-22T10:00:00+00:00
2025-12-31T23:00:00+00:00,USD,EUR,0.910886,SYNTH_PROVIDER_A,0,2026-01-01T05:00:00+00:00
2025-11-29T17:00:00+00:00,USD,EUR,0.907466,SYNTH_PROVIDER_B,0,2025-12-01T17:00:00+00:00
2025-09-26T23:00:00+00:00,USD,AUD,1.510232,SYNTH_PROVIDER_A,0,2025-09-26T23:00:00+00:00
2025-12-31T22:00:00+00:00,USD,PHP,55.053638,SYNTH_PROVIDER_B,0,2026-01-01T04:00:00+00:00
2025-11-23T07:00:00+00:00,USD,SGD,1.370955,SYNTH_PROVIDER_A,0,2025-11-25T07:00:00+00:00
2025-11-19T16:00:00+00:00,USD,PHP,54.94298,SYNTH_PROVIDER_A,0,2025-11-19T22:00:00+00:00
2025-10-23T03:00:00+00:00,USD,PHP,53.986214,SYNTH_PROVIDER_B,0,2025-10-23T03:00:00+00:00
2025-12-03T23:00:00+00:00,USD,SGD,1.347363,SYNTH_PROVIDER_B,0,2025-12-03T23:00:00+00:00
2025-10-28T23:00:00+00:00,USD,SGD,1.373677,SYNTH_PROVIDER_A,0,2025-10-29T23:00:00+00:00
2025-10-29T02:00:00+00:00,USD,PHP,55.037084,SYNTH_PROVIDER_B,0,2025-10-30T02:00:00+00:00
2025-12-16T15:00:00+00:00,USD,AUD,1.519871,SYNTH_PROVIDER_A,0,2025-12-16T15:00:00+00:00
2025-10-22T10:00:00+00:00,USD,SGD,1.356012,SYNTH_PROVIDER_B,0,2025-10-24T10:00:00+00:00
2025-12-22T00:00:00+00:00,USD,PHP,55.635951,SYNTH_PROVIDER_A,0,2025-12-22T00:00:00+00:00
2025-11-18T10:00:00+00:00,USD,PHP,54.880131,SYNTH_PROVIDER_B,0,2025-11-19T10:00:00+00:00
2025-10-23T15:00:00+00:00,USD,SGD,1.375298,SYNTH_PROVIDER_A,0,2025-10-23T15:00:00+00:00
2025-11-30T00:00:00+00:00,USD,EUR,0.92133,SYNTH_PROVIDER_A,0,2025-11-30T00:00:00+00:00
2026-01-12T19:00:00+00:00,USD,SGD,1.348198,SYNTH_PROVIDER_B,0,2026-01-14T19:00:00+00:00
2026-01-10T00:00:00+00:00,USD,AUD,1.485327,SYNTH_PROVIDER_B,0,2026-01-10T00:00:00+00:00
2025-11-19T07:00:00+00:00,USD,AUD,1.463039,SYNTH_PROVIDER_A,0,2025-11-21T07:00:00+00:00
2025-12-04T21:00:00+00:00,USD,PHP,54.820477,SYNTH_PROVIDER_B,0,2025-12-04T21:00:00+00:00
2025-10-23T04:00:00+00:00,USD,EUR,0.923163,SYNTH_PROVIDER_A,0,2025-10-23T04:00:00+00:00
2025-09-24T17:00:00+00:00,USD,AUD,1.522675,SYNTH_PROVIDER_B,0,2025-09-24T17:00:00+00:00
2025-12-21T14:00:00+00:00,USD,EUR,0.933217,SYNTH_PROVIDER_A,1,2025-12-23T14:00:00+00:00
2026-01-10T06:00:00+00:00,USD,AUD,1.486046,SYNTH_PROVIDER_B,0,2026-01-10T12:00:00+00:00
2025-11-09T07:00:00+00:00,USD,AUD,1.498666,SYNTH_PROVIDER_A,0,2025-11-11T07:00:00+00:00
2025-11-13T11:00:00+00:00,USD,PHP,56.167422,SYNTH_PROVIDER_A,0,2025-11-14T11:00:00+00:00
2025-10-21T15:00:00+00:00,USD,EUR,0.9178,SYNTH_PROVIDER_A,0,2025-10-21T15:00:00+00:00
2025-10-05T21:00:00+00:00,USD,EUR,0.900268,SYNTH_PROVIDER_B,0,2025-10-05T21:00:00+00:00
2026-01-05T07:00:00+00:00,USD,EUR,0.913505,SYNTH_PROVIDER_A,0,2026-01-05T07:00:00+00:00
2025-11-20T05:00:00+00:00,USD,SGD,1.344221,SYNTH_PROVIDER_A,1,2025-11-22T05:00:00+00:00
2026-01-04T03:00:00+00:00,USD,SGD,1.34548,SYNTH_PROVIDER_A,0,2026-01-04T09:00:00+00:00
2025-12-14T05:00:00+00:00,USD,EUR,0.927685,SYNTH_PROVIDER_B,0,2025-12-14T05:00:00+00:00
2025-12-28T23:00:00+00:00,USD,AUD,1.507899,SYNTH_PROVIDER_B,0,2025-12-30T23:00:00+00:00
2026-01-10T21:00:00+00:00,USD,EUR,0.920331,SYNTH_PROVIDER_A,0,2026-01-11T21:00:00+00:00
2025-11-02T11:00:00+00:00,USD,SGD,1.34269,SYNTH_PROVIDER_B,1,2025-11-03T11:00:00+00:00
